{
  "A_default": {
    "BTCUSDT": {
      "trades": 27,
      "wins": 10,
      "losses": 17,
      "pnl": -59.81999999999971,
      "wr": 37.0,
      "pf": 0.96,
      "max_dd": 6.6,
      "sharpe": -0.07,
      "by_strat": {
        "range": {
          "n": 10,
          "w": 6,
          "pnl": -71.84
        },
        "trend": {
          "n": 15,
          "w": 4,
          "pnl": 167.38000000000002
        },
        "crash": {
          "n": 2,
          "w": 0,
          "pnl": -155.34
        }
      }
    },
    "ETHUSDT": {
      "trades": 76,
      "wins": 27,
      "losses": 49,
      "pnl": 1912.3700000000008,
      "wr": 35.5,
      "pf": 1.48,
      "max_dd": 11.0,
      "sharpe": 1.83,
      "by_strat": {
        "range": {
          "n": 4,
          "w": 3,
          "pnl": 151.42000000000002
        },
        "trend": {
          "n": 56,
          "w": 21,
          "pnl": 1725.3500000000001
        },
        "crash": {
          "n": 16,
          "w": 3,
          "pnl": 35.61000000000001
        }
      }
    },
    "XRPUSDT": {
      "trades": 56,
      "wins": 22,
      "losses": 34,
      "pnl": 756.0100000000002,
      "wr": 39.3,
      "pf": 1.34,
      "max_dd": 8.3,
      "sharpe": 1.19,
      "by_strat": {
        "range": {
          "n": 26,
          "w": 17,
          "pnl": 1082.52
        },
        "trend": {
          "n": 30,
          "w": 5,
          "pnl": -326.53
        },
        "crash": {
          "n": 0,
          "w": 0,
          "pnl": 0
        }
      }
    },
    "SOLUSDT": {
      "trades": 68,
      "wins": 29,
      "losses": 39,
      "pnl": 735.0799999999999,
      "wr": 42.6,
      "pf": 1.18,
      "max_dd": 11.7,
      "sharpe": 0.79,
      "by_strat": {
        "range": {
          "n": 27,
          "w": 15,
          "pnl": 501.49
        },
        "trend": {
          "n": 30,
          "w": 8,
          "pnl": -625.37
        },
        "crash": {
          "n": 11,
          "w": 6,
          "pnl": 858.99
        }
      }
    }
  },
  "B_consensus": {
    "BTCUSDT": {
      "trades": 19,
      "wins": 6,
      "losses": 13,
      "pnl": -6.479999999999563,
      "wr": 31.6,
      "pf": 0.99,
      "max_dd": 7.1,
      "sharpe": 0.03,
      "by_strat": {
        "range": {
          "n": 3,
          "w": 0,
          "pnl": -443.64
        },
        "trend": {
          "n": 16,
          "w": 6,
          "pnl": 437.16999999999996
        },
        "crash": {
          "n": 0,
          "w": 0,
          "pnl": 0
        }
      }
    },
    "ETHUSDT": {
      "trades": 40,
      "wins": 13,
      "losses": 27,
      "pnl": 556.7800000000007,
      "wr": 32.5,
      "pf": 1.3,
      "max_dd": 7.1,
      "sharpe": 0.86,
      "by_strat": {
        "range": {
          "n": 1,
          "w": 0,
          "pnl": -239.75
        },
        "trend": {
          "n": 35,
          "w": 12,
          "pnl": 831.2299999999999
        },
        "crash": {
          "n": 4,
          "w": 1,
          "pnl": -34.71000000000001
        }
      }
    },
    "XRPUSDT": {
      "trades": 26,
      "wins": 7,
      "losses": 19,
      "pnl": -191.15999999999985,
      "wr": 26.9,
      "pf": 0.84,
      "max_dd": 8.0,
      "sharpe": -0.46,
      "by_strat": {
        "range": {
          "n": 6,
          "w": 3,
          "pnl": 161.04999999999998
        },
        "trend": {
          "n": 20,
          "w": 4,
          "pnl": -352.21
        },
        "crash": {
          "n": 0,
          "w": 0,
          "pnl": 0
        }
      }
    },
    "SOLUSDT": {
      "trades": 45,
      "wins": 15,
      "losses": 30,
      "pnl": 63.44000000000051,
      "wr": 33.3,
      "pf": 1.03,
      "max_dd": 9.1,
      "sharpe": 0.16,
      "by_strat": {
        "range": {
          "n": 10,
          "w": 5,
          "pnl": 227.01
        },
        "trend": {
          "n": 30,
          "w": 8,
          "pnl": -152.15000000000003
        },
        "crash": {
          "n": 5,
          "w": 2,
          "pnl": -11.409999999999997
        }
      }
    }
  },
  "C_eth_wf": {
    "BTCUSDT": {
      "trades": 17,
      "wins": 9,
      "losses": 8,
      "pnl": 1586.1100000000006,
      "wr": 52.9,
      "pf": 3.6,
      "max_dd": 3.6,
      "sharpe": 3.06,
      "by_strat": {
        "range": {
          "n": 1,
          "w": 1,
          "pnl": 304.9
        },
        "trend": {
          "n": 16,
          "w": 8,
          "pnl": 1281.2
        },
        "crash": {
          "n": 0,
          "w": 0,
          "pnl": 0
        }
      }
    },
    "ETHUSDT": {
      "trades": 36,
      "wins": 5,
      "losses": 31,
      "pnl": -812.3700000000008,
      "wr": 13.9,
      "pf": 0.56,
      "max_dd": 11.2,
      "sharpe": -1.52,
      "by_strat": {
        "range": {
          "n": 0,
          "w": 0,
          "pnl": 0
        },
        "trend": {
          "n": 30,
          "w": 4,
          "pnl": -731.38
        },
        "crash": {
          "n": 6,
          "w": 1,
          "pnl": -80.98
        }
      }
    },
    "XRPUSDT": {
      "trades": 15,
      "wins": 2,
      "losses": 13,
      "pnl": -311.59000000000015,
      "wr": 13.3,
      "pf": 0.56,
      "max_dd": 6.7,
      "sharpe": -1.11,
      "by_strat": {
        "range": {
          "n": 0,
          "w": 0,
          "pnl": 0
        },
        "trend": {
          "n": 15,
          "w": 2,
          "pnl": -311.59
        },
        "crash": {
          "n": 0,
          "w": 0,
          "pnl": 0
        }
      }
    },
    "SOLUSDT": {
      "trades": 37,
      "wins": 13,
      "losses": 24,
      "pnl": 971.8899999999994,
      "wr": 35.1,
      "pf": 1.6,
      "max_dd": 5.8,
      "sharpe": 1.47,
      "by_strat": {
        "range": {
          "n": 0,
          "w": 0,
          "pnl": 0
        },
        "trend": {
          "n": 34,
          "w": 13,
          "pnl": 1208.92
        },
        "crash": {
          "n": 3,
          "w": 0,
          "pnl": -237.01000000000002
        }
      }
    }
  },
  "D_xrp_wf": {
    "BTCUSDT": {
      "trades": 92,
      "wins": 40,
      "losses": 52,
      "pnl": 1805.2800000000007,
      "wr": 43.5,
      "pf": 1.36,
      "max_dd": 12.4,
      "sharpe": 1.69,
      "by_strat": {
        "range": {
          "n": 22,
          "w": 10,
          "pnl": -805.87
        },
        "trend": {
          "n": 50,
          "w": 24,
          "pnl": 2100.23
        },
        "crash": {
          "n": 20,
          "w": 6,
          "pnl": 510.9
        }
      }
    },
    "ETHUSDT": {
      "trades": 77,
      "wins": 14,
      "losses": 63,
      "pnl": -1053.2399999999998,
      "wr": 18.2,
      "pf": 0.66,
      "max_dd": 12.1,
      "sharpe": -1.24,
      "by_strat": {
        "range": {
          "n": 13,
          "w": 5,
          "pnl": -433.92
        },
        "trend": {
          "n": 44,
          "w": 9,
          "pnl": -68.89999999999995
        },
        "crash": {
          "n": 20,
          "w": 0,
          "pnl": -550.48
        }
      }
    },
    "XRPUSDT": {
      "trades": 106,
      "wins": 39,
      "losses": 67,
      "pnl": 1197.8600000000006,
      "wr": 36.8,
      "pf": 1.35,
      "max_dd": 9.1,
      "sharpe": 1.51,
      "by_strat": {
        "range": {
          "n": 46,
          "w": 25,
          "pnl": 708.46
        },
        "trend": {
          "n": 49,
          "w": 8,
          "pnl": -31.21999999999998
        },
        "crash": {
          "n": 11,
          "w": 6,
          "pnl": 520.59
        }
      }
    },
    "SOLUSDT": {
      "trades": 155,
      "wins": 64,
      "losses": 91,
      "pnl": 2873.629999999999,
      "wr": 41.3,
      "pf": 1.49,
      "max_dd": 13.9,
      "sharpe": 2.14,
      "by_strat": {
        "range": {
          "n": 48,
          "w": 27,
          "pnl": 727.8100000000001
        },
        "trend": {
          "n": 98,
          "w": 34,