{
  "metadata": {
    "n_markets": 117,
    "total_in_window_snapshots": 6367,
    "base_wr": 0.6,
    "bid_prices_tested": [
      0.2,
      0.25,
      0.3,
      0.35,
      0.37,
      0.4,
      0.42,
      0.45,
      0.5
    ],
    "entry_minutes_tested": [
      1,
      3,
      5,
      7,
      9
    ]
  },
  "volatility_stats": {
    "sigma_poly_mean": 0.0617789047585469,
    "sigma_poly_median": 0.055661426899105325,
    "sigma_poly_p25": 0.03831667869986,
    "sigma_poly_p75": 0.08012747667174439,
    "correlation_poly_btc": 0.06313642353913292
  },
  "fill_curve_minute3": {
    "0.2": {
      "p_fill_combined": 0.5726495726495726,
      "p_fill_up": 0.5641025641025641,
      "p_fill_dn": 0.5811965811965812,
      "ev": 0.22905982905982902
    },
    "0.25": {
      "p_fill_combined": 0.6068376068376068,
      "p_fill_up": 0.6068376068376068,
      "p_fill_dn": 0.6068376068376068,
      "ev": 0.21239316239316236
    },
    "0.3": {
      "p_fill_combined": 0.6495726495726496,
      "p_fill_up": 0.6581196581196581,
      "p_fill_dn": 0.6410256410256411,
      "ev": 0.19487179487179487
    },
    "0.35": {
      "p_fill_combined": 0.6965811965811965,
      "p_fill_up": 0.717948717948718,
      "p_fill_dn": 0.6752136752136753,
      "ev": 0.17414529914529914
    },
    "0.37": {
      "p_fill_combined": 0.717948717948718,
      "p_fill_up": 0.7264957264957265,
      "p_fill_dn": 0.7094017094017094,
      "ev": 0.1651282051282051
    },
    "0.4": {
      "p_fill_combined": 0.7222222222222222,
      "p_fill_up": 0.7350427350427351,
      "p_fill_dn": 0.7094017094017094,
      "ev": 0.1444444444444444
    },
    "0.42": {
      "p_fill_combined": 0.7393162393162394,
      "p_fill_up": 0.7350427350427351,
      "p_fill_dn": 0.7435897435897436,
      "ev": 0.1330769230769231
    },
    "0.45": {
      "p_fill_combined": 0.7564102564102564,
      "p_fill_up": 0.7521367521367521,
      "p_fill_dn": 0.7606837606837606,
      "ev": 0.11346153846153843
    },
    "0.5": {
      "p_fill_combined": 0.7905982905982906,
      "p_fill_up": 0.7692307692307693,
      "p_fill_dn": 0.811965811965812,
      "ev": 0.07905982905982904
    }
  },
  "fill_by_tercile_minute3": {
    "0.2": {
      "low": {
        "p_fill": 0.5
      },
      "medium": {
        "p_fill": 0.5769230769230769
      },
      "high": {
        "p_fill": 0.6410256410256411
      }
    },
    "0.25": {
      "low": {
        "p_fill": 0.5
      },
      "medium": {
        "p_fill": 0.6153846153846154
      },
      "high": {
        "p_fill": 0.7051282051282052
      }
    },
    "0.3": {
      "low": {
        "p_fill": 0.5128205128205128
      },
      "medium": {
        "p_fill": 0.6666666666666666
      },
      "high": {
        "p_fill": 0.7692307692307693
      }
    },
    "0.35": {
      "low": {
        "p_fill": 0.5128205128205128
      },
      "medium": {
        "p_fill": 0.7051282051282052
      },
      "high": {
        "p_fill": 0.8717948717948718
      }
    },
    "0.37": {
      "low": {
        "p_fill": 0.5128205128205128
      },
      "medium": {
        "p_fill": 0.7307692307692307
      },
      "high": {
        "p_fill": 0.9102564102564102
      }
    },
    "0.4": {
      "low": {
        "p_fill": 0.5256410256410257
      },
      "medium": {
        "p_fill": 0.7307692307692307
      },
      "high": {
        "p_fill": 0.9102564102564102
      }
    },
    "0.42": {
      "low": {
        "p_fill": 0.5256410256410257
      },
      "medium": {
        "p_fill": 0.7692307692307693
      },
      "high": {
        "p_fill": 0.9230769230769231
      }
    },
    "0.45": {
      "low": {
        "p_fill": 0.5256410256410257
      },
      "medium": {
        "p_fill": 0.8076923076923077
      },
      "high": {
        "p_fill": 0.9358974358974359
      }
    },
    "0.5": {
      "low": {
        "p_fill": 0.5769230769230769
      },
      "medium": {
        "p_fill": 0.8333333333333334
      },
      "high": {
        "p_fill": 0.9615384615384616
      }
    }
  },
  "optimal_bid_overall": 0.2,
  "optimal_bid_by_tercile": {
    "low": 0.2,
    "medium": 0.2,
    "high": 0.2
  },
  "optimal_bid_by_entry_time": {
    "1": 0.2,
    "3": 0.2,
    "5": 0.2,
    "7": 0.2,
    "9": 0.2
  },
  "validation": {
    "matched": 15,
    "correct": 10,
    "accuracy": 0.6666666666666666
  },
  "time_decay": {
    "1": {
      "0.2": {
        "p_fill": 0.5811965811965812,
        "n_markets": 117
      },
      "0.25": {
        "p_fill": 0.6239316239316239,
        "n_markets": 117
      },
      "0.3": {
        "p_fill": 0.6581196581196581,
        "n_markets": 117
      },
      "0.35": {
        "p_fill": 0.7094017094017094,
        "n_markets": 117
      },
      "0.37": {
        "p_fill": 0.7350427350427351,
        "n_markets": 117
      },
      "0.4": {
        "p_fill": 0.7393162393162394,
        "n_markets": 117
      },
      "0.42": {
        "p_fill": 0.7564102564102564,
        "n_markets": 117
      },
      "0.45": {
        "p_fill": 0.7863247863247863,
        "n_markets": 117
      },
      "0.5": {
        "p_fill": 0.8247863247863247,
        "n_markets": 117
      }
    },
    "3": {
      "0.2": {
        "p_fill": 0.5726495726495726,
        "n_markets": 117
      },
      "0.25": {
        "p_fill": 0.6068376068376068,
        "n_markets": 117
      },
      "0.3": {
        "p_fill": 0.6495726495726496,
        "n_markets": 117
      },
      "0.35": {
        "p_fill": 0.6965811965811965,
        "n_markets": 117
      },
      "0.37": {
        "p_fill": 0.717948717948718,
        "n_markets": 117
      },
      "0.4": {
        "p_fill": 0.7222222222222222,
        "n_markets": 117
      },
      "0.42": {
        "p_fill": 0.7393162393162394,
        "n_markets": 117
      },
      "0.45": {
        "p_fill": 0.7564102564102564,
        "n_markets": 117
      },
      "0.5": {
        "p_fill": 0.7905982905982906,
        "n_markets": 117
      }
    },
    "5": {
      "0.2": {
        "p_fill": 0.5683760683760684,
        "n_markets": 117
      },
      "0.25": {
        "p_fill": 0.5854700854700855,
        "n_markets": 117
      },
      "0.3": {
        "p_fill": 0.6367521367521367,
        "n_markets": 117
      },
      "0.35": {
        "p_fill": 0.6752136752136753,
        "n_markets": 117
      },
      "0.37": {
        "p_fill": 0.6965811965811965,
        "n_markets": 117
      },
      "0.4": {
        "p_fill": 0.6965811965811965,
        "n_markets": 117
      },
      "0.42": {
        "p_fill": 0.7094017094017094,
        "n_markets": 117
      },
      "0.45": {
        "p_fill": 0.7264957264957265,
        "n_markets": 117
      },
      "0.5": {
        "p_fill": 0.7478632478632479,
        "n_markets": 117
      }
    },
    "7": {
      "0.2": {
        "p_fill": 0.5646551724137931,
        "n_markets": 116
      },
      "0.25": {
        "p_fill": 0.5818965517241379,
        "n_markets": 116
      },
      "0.3": {
        "p_fill": 0.6163793103448276,
        "n_markets": 116
      },
      "0.35": {
        "p_fill": 0.6508620689655172,
        "n_markets": 116
      },
      "0.37": {
        "p_fill": 0.6637931034482759,
        "n_markets": 116
      },
      "0.4": {
        "p_fill": 0.6724137931034483,
        "n_markets": 116
      },
      "0.42": {
        "p_fill": 0.6810344827586207,
        "n_markets": 116
      },
      "0.45": {
        "p_fill": 0.6982758620689655,
        "n_markets": 116
      },
      "0.5": {
        "p_fill": 0.7241379310344828,
        "n_markets": 116
      }
    },
    "9": {
      "0.2": {
        "p_fill": 0.5301724137931034,
        "n_markets": 116
      },
      "0.25": {
        "p_fill": 0.5474137931034483,
        "n_markets": 116
      },
      "0.3": {
        "p_fill": 0.5646551724137931,
        "n_markets": 116
      },
      "0.35": {
        "p_fill": 0.6077586206896551,
        "n_markets": 116
      },